"What gap in Module 1's `@Input()` knowledge does Module 2 close?","Module 1 only showed reading an `@Input()` once, safely, in `ngOnInit`. Module 2 covers what happens when an `@Input()` value CHANGES after the component already exists — `ngOnInit` never runs again, so a different mechanism is needed."
"In an Angular component hierarchy, can a grandchild component pass data directly to its grandparent, or a component talk directly to a sibling?","No. Data only flows down via `@Input()` to a DIRECT child, and events only flow up via `@Output()` to a DIRECT parent. There is no built-in shortcut — communication across levels or between siblings must be relayed one hop at a time through the parent (or later, via shared services with DI)."
"Why is 'the parent is the switchboard' the standard pattern for sibling communication?","Angular provides no sibling-to-sibling binding mechanism — templates only bind to their own direct children. Routing all shared state through one parent also keeps data flow traceable: you can inspect one component to understand the whole feature's state."
"If a grandchild component needs to affect a distant ancestor, how must the event travel?","It must be relayed one level at a time: the grandchild emits `@Output()` to its direct parent, whose handler explicitly re-emits its own `@Output()` (or calls a method) that its own parent listens to, and so on up the tree."
"Why doesn't `ngOnInit` re-run when a parent updates an already-set `@Input()`?","`ngOnInit` is a strictly one-time hook — it fires only once, right after the FIRST input assignment. It has no mechanism to detect or react to subsequent changes."
"What are the two ways to react to a changing `@Input()`, and when should you use each?","An `@Input()` setter (`@Input() set prop(value) {...}`) for reacting to ONE input with simple logic. `ngOnChanges` for reacting to MULTIPLE inputs together, or when you need the PREVIOUS value for comparison."
"What information does an `@Input()` setter give you that a plain `@Input()` property does not?","It lets you run code every time the parent assigns a new value to that specific input — a plain property only gets read passively wherever you access it, with no hook into the moment it changes."
"Why must you replace an `@Input()` object/array instead of mutating it in place (e.g. `this.settings.maxLength = 200`)?","Angular's default change detection and `ngOnChanges` compare objects BY REFERENCE. Mutating properties in place keeps the same reference, so Angular may not notice the change. Replacing it (`this.settings = {...this.settings, maxLength: 200}`) gives a new reference Angular can detect."
"Why should you always type `EventEmitter<T>` with a specific type instead of leaving it untyped?","An untyped `EventEmitter()` defaults to `EventEmitter<any>`, which compiles but silently loses the type-safety net that would otherwise catch a parent handler expecting the wrong data shape."
"When should a child component NOT use `@Output()` to expose a value?","When the value is only for live display and the parent already owns the source data — the parent can often compute what it needs directly, without a round-trip through the child. `@Output()` is for cases where the child knows something the parent doesn't (like exact keystroke timing)."
"Which three lifecycle hooks are in Module 2's scope, and what does each represent?","`ngOnChanges` (fires on every @Input() change, including the first), `ngOnInit` (fires exactly once, after the first ngOnChanges), and `ngOnDestroy` (fires exactly once, right before the component is removed)."
"What is the guaranteed order of: constructor, `ngOnInit`, and the first `ngOnChanges`?","constructor → ngOnChanges (first call) → ngOnInit. ngOnChanges fires before the first ngOnInit, once inputs are set."
"Why is `implements OnChanges, OnInit, OnDestroy` worth adding even though Angular calls these methods by name regardless?","It's a free TypeScript correctness check: without the interface, misspelling a hook name (e.g. `ngOnDestory`) silently means the method never runs, with no warning. With the interface implemented, TypeScript catches the typo at compile time."
"What does the `SimpleChanges` object passed to `ngOnChanges` contain?","It's keyed by input property name; only inputs that actually changed that cycle appear. Each entry has `currentValue` (the new value), `previousValue` (the value before this change), and `firstChange` (true only on the very first call)."
"If a component has two `@Input()`s and only one changes, what does `ngOnChanges`'s `changes` parameter contain?","Only a key for the input that actually changed — the unchanged input does not appear in the `SimpleChanges` object at all, which is why you must guard with `if (changes['propName'])` rather than assuming."
"Inside `ngOnChanges`, if you read `this.text` directly, do you get the old or new value — and how do you get the old value?","`this.text` already holds the NEW value by the time `ngOnChanges` runs (the class property is already updated). To get the old value, use `changes['text'].previousValue` — the only place the previous value is still available."
"Why does `ngOnChanges` exist when `ngOnInit` already handles the first `@Input()` assignment?","`ngOnInit` never runs a second time, so it can't react to data that changes AFTER creation. `ngOnChanges` runs on every subsequent change, which is exactly what a live-updating display (like character counts) needs."
"Give the core distinction between `ngOnInit` and `ngOnChanges` in one line each.","`ngOnInit`: fires exactly once, after the first `ngOnChanges` — for one-time setup. `ngOnChanges`: fires every time a bound `@Input()` changes, including the first — for reacting to data that keeps changing."
"In the Character Counter's 'Clear text' scenario, why would putting the count-recalculation logic in `ngOnInit` alone be a real bug?","The counts would compute once on creation and then FREEZE — never updating again no matter how many times the parent's text changes or is cleared, since `ngOnInit` never re-runs."
"Does `ngOnChanges` fire on a component that has zero `@Input()` properties?","No — with nothing bound to compare, there's nothing to report. Use `ngOnInit` (or the constructor, for non-Angular setup) instead for components without inputs."
"What is `ngOnDestroy`, and when does it fire?","A lifecycle hook that fires exactly once, immediately before Angular removes a component from the DOM entirely — whether from `*ngIf` becoming false, an `*ngFor` item being removed, or navigation away."
"Why does Angular need `ngOnDestroy` — what kinds of things don't clean themselves up automatically?","A running `setInterval`/`setTimeout`, a native `addEventListener` listener, or an ongoing subscription all keep running/firing even after the component's markup disappears, unless explicitly cancelled — leaving them uncleaned causes a memory leak."
"What is a 'memory leak' in the context of Angular components?","A resource (timer, listener, subscription) that outlives the component that created it because it was never cleaned up in `ngOnDestroy` — the browser keeps a reference alive pointing at a component instance that should have been garbage-collected."
"In the TypingIndicatorComponent example, what does `ngOnDestroy` do and why?","It calls `clearTimeout(this.idleTimeoutId)` to cancel any pending timer before the component is removed, preventing a leaked callback from trying to update a property on a component instance that no longer exists."
"By default, when a change-detection pass runs, what does Angular do across the component tree?","It walks EVERY component in the tree top to bottom, re-evaluates every template expression against current property values, updates only the DOM pieces that differ, and calls `ngOnChanges` for any child whose `@Input()` bindings changed during the walk."
"What role does Zone.js play in Angular's change detection?","It patches async browser APIs (DOM events, setTimeout/setInterval, Promises/fetch) so that whenever one of these fires, Angular is notified and runs a change-detection pass across the whole component tree."
"How can a single keystroke in `TextInputComponent` cause `StatsPanelComponent` (a sibling) to update, with no direct connection between them?","The keystroke triggers one whole-tree change-detection pass: the `@Output()` updates the parent's `text` property, which flows down as a new `@Input()` to `StatsPanelComponent`, triggering its `ngOnChanges` — all within that same pass."
"Is `ngOnChanges` the same thing as 'change detection'?","No — change detection is the much bigger tree-walk-and-compare mechanism that runs automatically; `ngOnChanges` is just one small consequence of that process, specifically for `@Input()` changes."
"Do you need to manually trigger a re-render after a normal `(click)`/`(input)` handler updates a property?","No — change detection already runs automatically after any Zone.js-patched event. Just update the property; Angular re-checks all bindings on its own right after the handler returns."
"What later-module optimization does the 'always replace, never mutate' `@Input()` habit from this module set you up for?","`ChangeDetectionStrategy.OnPush` — an opt-in strategy that skips checking a component unless its `@Input()` references actually changed (or an event originated inside it), which only works correctly if inputs are always replaced rather than mutated."
